adult,backdrop_path,genre_ids,id,original_language,original_title,overview,popularity,poster_path,release_date,title,video,vote_average,vote_count
False,/fqv8v6AycXKsivp1T5yKtLbGXce.jpg,"[878, 12, 28]",653346,en,Kingdom of the Planet of the Apes,"Several generations in the future following Caesar's reign, apes are now the dominant species and live harmoniously while humans have been reduced to living in the shadows. As a new tyrannical ape leader builds his empire, one young ape undertakes a harrowing journey that will cause him to question all that he has known about the past and to make choices that will define a future for apes and humans alike.",6097.733,/gKkl37BQuKTanygYQG1pyYgLVgf.jpg,2024-05-08,Kingdom of the Planet of the Apes,False,6.9,781
False,/z121dSTR7PY9KxKuvwiIFSYW8cf.jpg,"[10752, 28, 18]",929590,en,Civil War,"In the near future, a group of war journalists attempt to survive while reporting the truth as the United States stands on the brink of civil war.",3038.92,/sh7Rg8Er3tFcN9BpKIPOMvALgZd.jpg,2024-04-10,Civil War,False,7.099,1236
False,/otfoeC96neoOdA4HqsX06OWuzE9.jpg,"[27, 53]",719221,en,Tarot,"When a group of friends recklessly violate the sacred rule of Tarot readings, they unknowingly unleash an unspeakable evil trapped within the cursed cards. One by one, they come face to face with fate and end up in a race against death.",2131.33,/gAEUXC37vl1SnM7PXsHTF23I2vq.jpg,2024-05-01,Tarot,False,6.467,307
False,/xRd1eJIDe7JHO5u4gtEYwGn5wtf.jpg,"[878, 28, 12]",823464,en,Godzilla x Kong: The New Empire,"Following their explosive showdown, Godzilla and Kong must reunite against a colossal undiscovered threat hidden within our world, challenging their very existence – and our own.",2176.392,/z1p34vh7dEOnLDmyCrlUVLuoDzd.jpg,2024-03-27,Godzilla x Kong: The New Empire,False,7.239,2468
False,/3TNSoa0UHGEzEz5ndXGjJVKo8RJ.jpg,"[878, 28]",614933,en,Atlas,A brilliant counterterrorism analyst with a deep distrust of AI discovers it might be her only hope when a mission to capture a renegade robot goes awry.,1821.917,/bcM2Tl5HlsvPBnL8DKP9Ie6vU4r.jpg,2024-05-23,Atlas,False,6.742,558
False,/tkHQ7tnYYUEnqlrKuhufIsSVToU.jpg,[27],437342,en,The First Omen,"When a young American woman is sent to Rome to begin a life of service to the church, she encounters a darkness that causes her to question her own faith and uncovers a terrifying conspiracy that hopes to bring about the birth of evil incarnate.",1127.216,/uGyiewQnDHPuiHN9V4k2t9QBPnh.jpg,2024-04-03,The First Omen,False,6.825,357
False,/H5HjE7Xb9N09rbWn1zBfxgI8uz.jpg,"[28, 35, 80, 9648, 10749]",746036,en,The Fall Guy,"Fresh off an almost career-ending accident, stuntman Colt Seavers has to track down a missing movie star, solve a conspiracy and try to win back the love of his life while still doing his day job.",1217.797,/tSz1qsmSJon0rqjHBxXZmrotuse.jpg,2024-04-24,The Fall Guy,False,7.295,990
False,/fY3lD0jM5AoHJMunjGWqJ0hRteI.jpg,"[878, 27, 28]",940721,ja,ゴジラ-1.0,"In postwar Japan, Godzilla brings new devastation to an already scorched landscape. With no military intervention or government help in sight, the survivors must join together in the face of despair and fight back against an unrelenting horror.",1209.099,/hkxxMIGaiCTmrEArK7J56JTKUlB.jpg,2023-11-03,Godzilla Minus One,False,7.674,1425
False,/shrwC6U8Bkst9T9J7fr1A50n6x6.jpg,"[28, 12, 878]",786892,en,Furiosa: A Mad Max Saga,"As the world fell, young Furiosa is snatched from the Green Place of Many Mothers and falls into the hands of a great Biker Horde led by the Warlord Dementus. Sweeping through the Wasteland they come across the Citadel presided over by The Immortan Joe. While the two Tyrants war for dominance, Furiosa must survive many trials as she puts together the means to find her way home.",1055.646,/iADOJ8Zymht2JPMoy3R7xceZprc.jpg,2024-05-22,Furiosa: A Mad Max Saga,False,7.724,671
False,/1m1rXopfNDVL3UMiv6kriYaJ3yE.jpg,"[28, 53, 80, 878]",882059,en,Boy Kills World,"When his family is murdered, a deaf-mute named Boy escapes to the jungle and is trained by a mysterious shaman to repress his childish imagination and become an instrument of death.",891.24,/25JskXmchcYwj3jHRmcPm738MpB.jpg,2024-04-24,Boy Kills World,False,6.914,215
False,/xOMo8BRK7PfcJv9JCnx7s5hj0PX.jpg,"[878, 12]",693134,en,Dune: Part Two,"Follow the mythic journey of Paul Atreides as he unites with Chani and the Fremen while on a path of revenge against the conspirators who destroyed his family. Facing a choice between the love of his life and the fate of the known universe, Paul endeavors to prevent a terrible future only he can foresee.",897.168,/czembW0Rk1Ke7lCJGahbOhdCuhV.jpg,2024-02-27,Dune: Part Two,False,8.168,4322
False,/kYgQzzjNis5jJalYtIHgrom0gOx.jpg,"[16, 28, 10751, 35, 14]",1011985,en,Kung Fu Panda 4,"Po is gearing up to become the spiritual leader of his Valley of Peace, but also needs someone to take his place as Dragon Warrior. As such, he will train a new kung fu practitioner for the spot and will encounter a villain called the Chameleon who conjures villains from the past.",759.173,/kDp1vUBnMpe8ak4rjgl3cLELqjU.jpg,2024-03-02,Kung Fu Panda 4,False,7.118,1878
False,/iafs5DG5fGq7ef0acl3xlX4BFrs.jpg,"[18, 10770]",1219685,fr,Un père idéal,,685.195,/4xJd3uwtL1vCuZgEfEc8JXI9Uyx.jpg,2024-04-21,Un père idéal,False,5.695,41
False,/qjoX7hl721FOiyeHsDkeQ6rFVLl.jpg,"[16, 10751, 18, 12, 35]",1022789,en,Inside Out 2,"Teenager Riley's mind headquarters is undergoing a sudden demolition to make room for something entirely unexpected: new Emotions! Joy, Sadness, Anger, Fear and Disgust, who’ve long been running a successful operation by all accounts, aren’t sure how to feel when Anxiety shows up. And it looks like she’s not alone.",748.373,/vpnVM9B6NMmQpWeZvzLvDESb2QY.jpg,2024-06-12,Inside Out 2,False,0.0,0
False,/vWzJDjLPmycnQ42IppEjMpIhrhc.jpg,"[16, 35, 10751, 12]",748783,en,The Garfield Movie,"Garfield, the world-famous, Monday-hating, lasagna-loving indoor cat, is about to have a wild outdoor adventure! After an unexpected reunion with his long-lost father – scruffy street cat Vic – Garfield and his canine friend Odie are forced from their perfectly pampered life into joining Vic in a hilarious, high-stakes heist.",590.776,/p6AbOJvMQhBmffd0PIv0u8ghWeY.jpg,2024-04-30,The Garfield Movie,False,6.556,135
False,/42rp8MkwOEFA62wwgKcuOpP8Fjb.jpg,"[28, 36, 18, 10752]",660360,ko,노량: 죽음의 바다,"In the winter of 1598, the seven-year Imjin War nears an end as the Japanese Wae invaders prepare to withdraw from Joseon. Admiral Yi Sun-shin leads an allied fleet of Joseon and Ming ships to annihilate the Wae army. Joseon, Ming, and Wae forces clash at Noryang Strait, the deadly sea where Admiral Yi fights his last valiant battle.",528.237,/wFAe7gA513Pi2meI4ECwf6YEKR1.jpg,2023-12-20,Noryang: Deadly Sea,False,7.155,42
False,/4XM8DUTQb3lhLemJC51Jx4a2EuA.jpg,"[28, 80, 53]",385687,en,Fast X,"Over many missions and against impossible odds, Dom Toretto and his family have outsmarted, out-nerved and outdriven every foe in their path. Now, they confront the most lethal opponent they've ever faced: A terrifying threat emerging from the shadows of the past who's fueled by blood revenge, and who is determined to shatter this family and destroy everything—and everyone—that Dom loves, forever.",641.421,/fiVW06jE7z9YnO4trhaMEdclSiC.jpg,2023-05-17,Fast X,False,7.121,5229
False,/qwK9soQmmJ7kRdjLZVXblw3g7AQ.jpg,"[28, 12, 53, 80]",7451,en,xXx,"Xander Cage is your standard adrenaline junkie with no fear and a lousy attitude. When the US Government ""recruits"" him to go on a mission, he's not exactly thrilled. His mission: to gather information on an organization that may just be planning the destruction of the world, led by the nihilistic Yorgi.",608.16,/xeEw3eLeSFmJgXZzmF2Efww0q3s.jpg,2002-08-09,xXx,False,5.934,4079
False,/s9hW1DHfgy5ppK1fTUJuMKh4YFK.jpg,"[28, 53]",980083,en,Top Gunner: Danger Zone,"An airliner filled with 800 passengers is forced to fly fast and low, above farmlands, suburbs and skyscraper-packed cities or the tons of explosives aboard will detonate. When an elite unit of US Air Force fighter jets is sent to provide escort, they find themselves facing a squadron of unidentifiable warplanes which ignites a deadly air battle that threatens to destroy all life above and below.",760.265,/29UCk1nvPzn2XubLk5rKDMlHBRu.jpg,2022-05-20,Top Gunner: Danger Zone,False,4.0,13
False,/5Eip60UDiPLASyKjmHPMruggTc4.jpg,"[27, 9648, 53]",1041613,en,Immaculate,"An American nun embarks on a new journey when she joins a remote convent in the Italian countryside. However, her warm welcome quickly turns into a living nightmare when she discovers her new home harbours a sinister secret and unspeakable horrors.",554.738,/fdZpvODTX5wwkD0ikZNaClE4AoW.jpg,2024-03-20,Immaculate,False,6.3,550
False,/nb3xI8XI3w4pMVZ38VijbsyBqP4.jpg,"[18, 36]",872585,en,Oppenheimer,The story of J. Robert Oppenheimer's role in the development of the atomic bomb during World War II.,625.191,/8Gxv8gSFCU0XGDykEGv7zR1n2ua.jpg,2023-07-19,Oppenheimer,False,8.098,8231
False,/2KGxQFV9Wp1MshPBf8BuqWUgVAz.jpg,"[16, 28, 12, 35, 10751]",940551,en,Migration,"After a migrating duck family alights on their pond with thrilling tales of far-flung places, the Mallard family embarks on a family road trip, from New England, to New York City, to tropical Jamaica.",447.002,/ldfCF9RhR40mppkzmftxapaHeTo.jpg,2023-12-06,Migration,False,7.442,1404
False,/JtN7Q03S3oq7A4KZ7Z3I7m3osP.jpg,"[80, 28, 53]",573435,en,Bad Boys: Ride or Die,"After their late former Captain is framed, Lowrey and Burnett try to clear his name, only to end up on the run themselves.",532.584,/nP6RliHjxsz4irTKsxe8FRhKZYl.jpg,2024-06-05,Bad Boys: Ride or Die,False,8.2,9
False,/4woSOUD0equAYzvwhWBHIJDCM88.jpg,"[28, 27, 53]",1096197,en,No Way Up,Characters from different backgrounds are thrown together when the plane they're travelling on crashes into the Pacific Ocean. A nightmare fight for survival ensues with the air supply running out and dangers creeping in from all sides.,435.443,/hu40Uxp9WtpL34jv3zyWLb5zEVY.jpg,2024-01-18,No Way Up,False,6.447,705
False,/hvqNAz3cq48sh9GKxu4lPiogfBo.jpg,"[28, 80, 9648, 53]",996154,en,Black Lotus,An ex-special forces operative wages a one man war through the streets of Amsterdam to rescue his friend's daughter from the local crime syndicate.,467.46,/y3AeW200hqGLxoPyHMDHpzudylz.jpg,2023-04-12,Black Lotus,False,6.5,110
False,/rmNlWyez5cniGtXkgixG1ezdqVk.jpg,"[28, 53]",1093995,en,Chief of Station,"After learning that the death of his wife was not an accident, a former CIA Station Chief is forced back into the espionage underworld, teaming up with an adversary to unravel a conspiracy that challenges everything he thought he knew.",427.099,/uuA01PTtPombRPvL9dvsBqOBJWm.jpg,2024-05-02,Chief of Station,False,5.39,41
False,/jnE1GA7cGEfv5DJBoU2t4bZHaP4.jpg,"[28, 878]",1094844,en,Ape vs Mecha Ape,"Recognizing the destructive power of its captive giant Ape, the military makes its own battle-ready A.I., Mecha Ape. But its first practical test goes horribly wrong, leaving the military no choice but to release the imprisoned giant ape to stop the colossal robot before it destroys downtown Chicago.",411.118,/dJaIw8OgACelojyV6YuVsOhtTLO.jpg,2023-03-24,Ape vs Mecha Ape,False,5.674,219
False,/lzWHmYdfeFiMIY4JaMmtR7GEli3.jpg,"[878, 12]",438631,en,Dune,"Paul Atreides, a brilliant and gifted young man born into a great destiny beyond his understanding, must travel to the most dangerous planet in the universe to ensure the future of his family and his people. As malevolent forces explode into conflict over the planet's exclusive supply of the most precious resource in existence-a commodity capable of unlocking humanity's greatest potential-only those who can conquer their fear will survive.",540.881,/d5NXSklXo0qyIYkgV94XAgMIckC.jpg,2021-09-15,Dune,False,7.783,11830
False,/wODqakS0jinTUECNS6n4VomQbew.jpg,"[14, 12, 35]",967847,en,Ghostbusters: Frozen Empire,"When the discovery of an ancient artifact unleashes an evil force, Ghostbusters new and old must join forces to protect their home and save the world from a second Ice Age.",387.556,/e1J2oNzSBdou01sUvriVuoYp0pJ.jpg,2024-03-20,Ghostbusters: Frozen Empire,False,6.649,927
False,/lntyt4OVDbcxA1l7LtwITbrD3FI.jpg,"[18, 10749]",1010581,es,Culpa mía,"Noah must leave her city, boyfriend, and friends to move into William Leister's mansion, the flashy and wealthy husband of her mother Rafaela. As a proud and independent 17 year old, Noah resists living in a mansion surrounded by luxury. However, it is there where she meets Nick, her new stepbrother, and the clash of their strong personalities becomes evident from the very beginning.",441.696,/w46Vw536HwNnEzOa7J24YH9DPRS.jpg,2023-06-08,My Fault,False,7.976,2561
False,/k37Ccgu05Am1xxgN5GaW0HX9Kkl.jpg,"[27, 53]",1087388,en,Sting,"After raising an unnervingly talented spider in secret, 12-year-old Charlotte must face the truth about her pet and fight for her family's survival.",373.144,/zuSAZIG1PSrxFwPeAlGtg9LTwxo.jpg,2024-04-12,Sting,False,6.352,105
False,/AuKXTyCVzeIdtTe1NAQnJa1ZC7I.jpg,"[16, 14, 10751]",739547,en,Thelma the Unicorn,"Thelma dreams of being a glamorous unicorn. Then in a rare pink and glitter-filled moment of fate, Thelma's wish comes true. She rises to instant international stardom, but at an unexpected cost. After a while, Thelma realizes that she was happier as her ordinary, sparkle-free self. So she ditches her horn, scrubs off her sparkles, and returns home, where her best friend is waiting for her with a hug.",372.364,/yutiEZ7taGDNau2jGjKIdDwQpDw.jpg,2024-05-17,Thelma the Unicorn,False,6.8,88
False,/tRS6jvPM9qPrrnx2KRp3ew96Yot.jpg,"[80, 9648, 53]",414906,en,The Batman,"In his second year of fighting crime, Batman uncovers corruption in Gotham City that connects to his own family while facing a serial killer known as the Riddler.",587.006,/74xTEgt7R36Fpooo50r9T25onhq.jpg,2022-03-01,The Batman,False,7.676,9672
False,/hU1Q9YVzdYhokr8a9gLywnSUMlN.jpg,"[16, 12, 28, 14, 10751]",1147400,fr,"Miraculous World : Paris, Les Aventures de Toxinelle et Griffe Noire","Miraculous holders from another world appear in Paris. They come from a parallel universe where everything is reversed: the holders of Ladybug and Black Cat Miraculouses, Shadybug and Claw Noir, are the bad guys, and the holder of the Butterfly Miraculous, Hesperia, is a superhero. Ladybug and Cat Noir will have to help Hesperia counter the attacks of their evil doubles and prevent them from seizing the Butterfly's Miraculous. Can our heroes also help Hesperia make Shadybug and Claw Noir better people?",384.838,/7Md3nuV0ZprBTnkdR3OrUCEsrSP.jpg,2023-10-21,"Miraculous World: Paris, Tales of Shadybug and Claw Noir",False,7.564,187
False,/pwGmXVKUgKN13psUjlhC9zBcq1o.jpg,"[28, 14]",634492,en,Madame Web,"Forced to confront revelations about her past, paramedic Cassandra Webb forges a relationship with three young women destined for powerful futures...if they can all survive a deadly present.",419.202,/rULWuutDcN5NvtiZi4FRPzRYWSh.jpg,2024-02-14,Madame Web,False,5.606,1380
False,/7ZP8HtgOIDaBs12krXgUIygqEsy.jpg,"[878, 28, 14, 12]",601796,ko,외계+인 1부,"Gurus in the late Goryeo dynasty try to obtain a fabled, holy sword, and humans in 2022 hunt down an alien prisoner that is locked in a human's body. The two parties cross paths when a time-traveling portal opens up.",366.516,/8QVDXDiOGHRcAD4oM6MXjE0osSj.jpg,2022-07-20,Alienoid,False,6.9,345
False,/ctMserH8g2SeOAnCw5gFjdQF8mo.jpg,"[35, 12]",346698,en,Barbie,"Barbie and Ken are having the time of their lives in the colorful and seemingly perfect world of Barbie Land. However, when they get a chance to go to the real world, they soon discover the joys and perils of living among humans.",517.615,/iuFNMS8U5cb6xfzi51Dbkovj7vM.jpg,2023-07-19,Barbie,False,7.054,8389
False,/7kQvHmGyKJv2wSKVfCUux50rd7A.jpg,[878],920342,zh,异兽战场,"The soldier king Qin Yang's fiancée Ye Qin met with an unknown beast and died tragically. Gu Ping invites him to participate in Ye Qin's scientific research before her death. But Gu Ping is using Ye Qin's research results to combine the genes of unknown beasts to create the ""Zero"" dragon creature. The intelligent dragon creature, coupled with the extra-terrestrial beast evolved by devouring,  an imminent city war is coming...",364.529,/nBVYp2xxx2R02n21EGlDky8CgWR.jpg,2021-12-27,Monster's Battlefield,False,7.12,46
False,/kGWpaisyiOrOhkjn5FviMRUaoCb.jpg,"[18, 10751]",1107387,zh,忠犬八公,"This is the story of a puppy that touched hundreds of millions of people around the world. Hachiko is a cute Chinese pastoral dog. He met his destined owner Chen Jingxiu in the vast crowd and became a member of the Chen family. With the passage of time, the once beautiful home is no longer there, but Batong is still waiting where it is, and its fate is closely tied to its family.",424.222,/ofDUfrf3TOqvUxDrkYBgeBBaii7.jpg,2023-03-31,Hachiko,False,7.978,68
False,/yF1eOkaYvwiORauRCPWznV9xVvi.jpg,"[28, 12, 878]",298618,en,The Flash,"When his attempt to save his family inadvertently alters the future, Barry Allen becomes trapped in a reality in which General Zod has returned and there are no Super Heroes to turn to. In order to save the world that he is in and return to the future that he knows, Barry's only hope is to race for his life. But will making the ultimate sacrifice be enough to reset the universe?",502.539,/rktDFPbfHfUbArZ6OOOKsXcv0Bm.jpg,2023-06-13,The Flash,False,6.733,3936
False,/gqrnQA6Xppdl8vIb2eJc58VC1tW.jpg,"[28, 12, 878]",76341,en,Mad Max: Fury Road,"An apocalyptic story set in the furthest reaches of our planet, in a stark desert landscape where humanity is broken, and most everyone is crazed fighting for the necessities of life. Within this world exist two rebels on the run who just might be able to restore order.",352.96,/hA2ple9q4qnwxp3hKVNhroipsir.jpg,2015-05-13,Mad Max: Fury Road,False,7.599,21859
False,/oe7mWkvYhK4PLRNAVSvonzyUXNy.jpg,"[28, 53]",359410,en,Road House,"Ex-UFC fighter Dalton takes a job as a bouncer at a Florida Keys roadhouse, only to discover that this paradise is not all it seems.",386.494,/qbzMVUcNvT4bfRWniuOGGvZJJim.jpg,2024-03-08,Road House,False,7.02,1850
False,/ySgY4jBvZ6qchrxKnBg4M8tZp8V.jpg,"[27, 53]",1111873,en,Abigail,"A group of criminals kidnaps a teenage ballet dancer, the daughter of a notorious gang leader, in order to obtain a ransom of $50 million, but over time, they discover that she is not just an ordinary girl. After the kidnappers begin to diminish, one by one, they discover, to their increasing horror, that they are locked inside with an unusual girl.",349.553,/5gKKSoD3iezjoL7YqZONjmyAiRA.jpg,2024-04-18,Abigail,False,6.816,651
False,/pRSTtNlcADoQkfeBGtFQNE1FDpb.jpg,"[28, 53, 878]",5548,en,RoboCop,"In a violent, near-apocalyptic Detroit, evil corporation Omni Consumer Products wins a contract from the city government to privatize the police force. To test their crime-eradicating cyborgs, the company leads street cop Alex Murphy into an armed confrontation with crime lord Boddicker so they can use his body to support their untested RoboCop prototype. But when RoboCop learns of the company's nefarious plans, he turns on his masters.",412.548,/hHtOgGb3NihlyRATHlKPaFApbrd.jpg,1987-07-17,RoboCop,False,7.32,4916
False,/tpiqEVTLRz2Mq7eLq5DT8jSrp71.jpg,"[878, 28, 18]",934632,en,Rebel Moon - Part Two: The Scargiver,"The rebels gear up for battle against the ruthless forces of the Motherworld as unbreakable bonds are forged, heroes emerge — and legends are made.",326.509,/cxevDYdeFkiixRShbObdwAHBZry.jpg,2024-04-19,Rebel Moon - Part Two: The Scargiver,False,6.1,831
False,/en971MEXui9diirXlogOrPKmsEn.jpg,"[28, 12, 35]",293660,en,Deadpool,"The origin story of former Special Forces operative turned mercenary Wade Wilson, who, after being subjected to a rogue experiment that leaves him with accelerated healing powers, adopts the alter ego Deadpool. Armed with his new abilities and a dark, twisted sense of humor, Deadpool hunts down the man who nearly destroyed his life.",455.6,/fSRb7vyIP8rQpL0I47P3qUsEKX3.jpg,2016-02-09,Deadpool,False,7.613,29970
False,/sI6uCeF8mUlZx22mFfHSi9W3XQ9.jpg,"[10749, 35, 18]",843527,en,The Idea of You,"Solène, a 40-year-old single mom, begins an unexpected romance with 24-year-old Hayes Campbell, the lead singer of August Moon, the hottest boy band on the planet. When Solène must step in to chaperone her teenage daughter's trip to the Coachella Music Festival after her ex bails at the last minute, she has a chance encounter with Hayes and there is an instant, undeniable spark. As they begin a whirlwind romance, it isn't long before Hayes' superstar status poses unavoidable challenges to their relationship, and Solène soon discovers that life in the glare of his spotlight might be more than she bargained for.",331.109,/zDi2U7WYkdIoGYHcYbM9X5yReVD.jpg,2024-05-02,The Idea of You,False,7.416,953
False,/fOy2Jurz9k6RnJnMUMRDAgBwru2.jpg,"[16, 10751, 35, 14]",508947,en,Turning Red,"Thirteen-year-old Mei is experiencing the awkwardness of being a teenager with a twist – when she gets too excited, she transforms into a giant red panda.",444.763,/qsdjk9oAKSQMWs0Vt5Pyfh6O4GZ.jpg,2022-03-10,Turning Red,False,7.389,4981
False,/2nqr42Dvh6GMVECYjVG82zzJL7N.jpg,"[16, 35, 10770]",1290938,en,South Park: The End of Obesity,"The advent of new weight loss drugs has a huge impact on everyone in South Park. When Cartman is denied access to the life-changing medicine, the kids jump into action.",313.85,/zxM1AIKBP83plf2buLR0cbGfvl2.jpg,2024-05-24,South Park: The End of Obesity,False,8.051,49
False,/j29ekbcLpBvxnGk6LjdTc2EI5SA.jpg,"[16, 10751, 12, 18, 35]",150540,en,Inside Out,"From an adventurous balloon ride above the clouds to a monster-filled metropolis, Academy Award®-winning director Pete Docter (“Monsters, Inc.,” “Up”) has taken audiences to unique and imaginative places. In Disney and Pixar’s original movie “ Inside Out,” he will take us to the most extraordinary location of all—inside the mind.",399.57,/2H1TmgdfNtsKlU9jKdeNyYL5y8T.jpg,2015-06-09,Inside Out,False,7.914,20408
False,/wh4ze6klUbeichAj603OKZwY1W5.jpg,"[28, 53, 878]",218,en,The Terminator,"In the post-apocalyptic future, reigning tyrannical supercomputers teleport a cyborg assassin known as the ""Terminator"" back to 1984 to kill Sarah Connor, whose unborn son is destined to lead insurgents against 21st century mechanical hegemony. Meanwhile, the human-resistance movement dispatches a lone warrior to safeguard Sarah. Can he stop the virtually indestructible killing machine?",544.967,/qvktm0BHcnmDpul4Hz01GIazWPr.jpg,1984-10-26,The Terminator,False,7.666,12603
False,/icmmSD4vTTDKOq2vvdulafOGw93.jpg,"[28, 878]",603,en,The Matrix,"Set in the 22nd century, The Matrix tells the story of a computer hacker who joins a group of underground insurgents fighting the vast and powerful computers who now rule the earth.",484.335,/f89U3ADr1oiB1s9GkdPOEpXUk5H.jpg,1999-03-31,The Matrix,False,8.217,24975
False,/AmR3JG1VQVxU8TfAvljUhfSFUOx.jpg,"[27, 878]",348,en,Alien,"During its return to the earth, commercial spaceship Nostromo intercepts a distress signal from a distant planet. When a three-member team of the crew discovers a chamber containing thousands of eggs on the planet, a creature inside one of the eggs attacks an explorer. The entire crew is unaware of the impending nightmare set to descend upon them when the alien parasite planted inside its unfortunate host is birthed.",485.236,/vfrQk5IPloGg1v9Rzbh2Eg3VGyM.jpg,1979-05-25,Alien,False,8.154,14017
False,/kaIfm5ryEOwYg8mLbq8HkPuM1Fo.jpg,"[28, 12, 878]",284053,en,Thor: Ragnarok,"Thor is imprisoned on the other side of the universe and finds himself in a race against time to get back to Asgard to stop Ragnarok, the destruction of his home-world and the end of Asgardian civilization, at the hands of a powerful new threat, the ruthless Hela.",521.087,/rzRwTcFvttcN1ZpX2xv4j3tSdJu.jpg,2017-10-02,Thor: Ragnarok,False,7.593,20261
False,/9X7YweCJw3q8Mcf6GadxReFEksM.jpg,"[28, 18, 878]",263115,en,Logan,"In the near future, a weary Logan cares for an ailing Professor X in a hideout on the Mexican border. But Logan's attempts to hide from the world and his legacy are upended when a young mutant arrives, pursued by dark forces.",483.552,/fnbjcRDYn6YviCcePDnGdyAkYsB.jpg,2017-02-28,Logan,False,7.818,18760
False,/70Rm9ItxKuEKN8iu6rNjfwAYUCJ.jpg,"[27, 53, 9648]",760104,en,X,"In 1979, a group of young filmmakers set out to make an adult film in rural Texas, but when their reclusive, elderly hosts catch them in the act, the cast find themselves fighting for their lives.",481.533,/A7YPhQKdcr6XB1kCUdS4tHifYWd.jpg,2022-03-17,X,False,6.731,2811
False,/3RWsSQlqzRjsuqSRmoyggy74UA7.jpg,"[28, 14, 35]",43074,en,Ghostbusters,"Following a ghost invasion of Manhattan, paranormal enthusiasts Erin Gilbert and Abby Yates, nuclear engineer Jillian Holtzmann, and subway worker Patty Tolan band together to stop the otherworldly threat.",523.192,/wJmWliwXIgZOCCVOcGRBhce7xPS.jpg,2016-07-14,Ghostbusters,False,5.359,6247
False,/qAzYK4YPSWDc7aa4R43LcwRIAyb.jpg,"[28, 12, 878]",299537,en,Captain Marvel,"The story follows Carol Danvers as she becomes one of the universe’s most powerful heroes when Earth is caught in the middle of a galactic war between two alien races. Set in the 1990s, Captain Marvel is an all-new adventure from a previously unseen period in the history of the Marvel Cinematic Universe.",504.682,/AtsgWhDnHTq68L0lLsUrCnM7TjG.jpg,2019-03-06,Captain Marvel,False,6.822,15315
False,/4qCqAdHcNKeAHcK8tJ8wNJZa9cx.jpg,"[12, 28, 878]",11,en,Star Wars,Princess Leia is captured and held hostage by the evil Imperial forces in their effort to take over the galactic Empire. Venturesome Luke Skywalker and dashing captain Han Solo team together with the loveable robot duo R2-D2 and C-3PO to rescue the beautiful princess and restore peace and justice in the Empire.,440.016,/6FfCtAuVAW8XJjZ7eWeLibRLWTw.jpg,1977-05-25,Star Wars,False,8.2,20071
False,/kK9v1wclQxug6ZUJucD4DTaHgVF.jpg,[18],1366,en,Rocky,An uneducated collector for a Philadelphia loan shark is given a once-in-a-lifetime opportunity to fight against the world heavyweight boxing champion.,473.113,/cqxg1CihGR5ge0i1wYXr4Rdeppu.jpg,1976-11-20,Rocky,False,7.788,7577
False,/suaEOtk1N1sgg2MTM7oZd2cfVp3.jpg,"[53, 80]",680,en,Pulp Fiction,"A burger-loving hit man, his philosophical partner, a drug-addled gangster's moll and a washed-up boxer converge in this sprawling, comedic crime caper. Their adventures unfurl in three stories that ingeniously trip back and forth in time.",468.035,/d5iIlFn5s0ImszYzBPb8JPIfbXD.jpg,1994-09-10,Pulp Fiction,False,8.489,27173
False,/iy08wTsqcWYT2PFTEWFYcxepLeB.jpg,"[28, 53, 14, 9648, 12, 18]",634521,ja,約束のネバーランド,"A group of the smartest kids at a seemingly perfect orphanage uncover its dark secret, and they set in motion a dangerous and desperate escape plan.",312.764,/7tMAledkia9p72zON1nLRlyfHO7.jpg,2020-12-18,The Promised Neverland,False,7.4,46
False,/b6ZJZHUdMEFECvGiDpJjlfUWela.jpg,"[28, 12, 878]",284054,en,Black Panther,"King T'Challa returns home to the reclusive, technologically advanced African nation of Wakanda to serve as his country's new leader. However, T'Challa soon finds that he is challenged for the throne by factions within his own country as well as without. Using powers reserved to Wakandan kings, T'Challa assumes the Black Panther mantle to join with ex-girlfriend Nakia, the queen-mother, his princess-kid sister, members of the Dora Milaje (the Wakandan 'special forces') and an American secret agent, to prevent Wakanda from being dragged into a world war.",447.148,/uxzzxijgPIY7slzFvMotPv8wjKA.jpg,2018-02-13,Black Panther,False,7.385,21719
False,/yY76zq9XSuJ4nWyPDuwkdV7Wt0c.jpg,"[28, 53, 878]",577922,en,Tenet,"Armed with only one word - Tenet - and fighting for the survival of the entire world, the Protagonist journeys through a twilight world of international espionage on a mission that will unfold in something beyond real time.",524.702,/k68nPLbIST6NP96JmTxmZijEvCA.jpg,2020-08-22,Tenet,False,7.184,9449
False,/n6bUvigpRFqSwmPp1m2YADdbRBc.jpg,"[80, 53, 18]",475557,en,Joker,"During the 1980s, a failed stand-up comedian is driven insane and turns to a life of crime and chaos in Gotham City while becoming an infamous psychopathic crime figure.",463.156,/udDclJoHjfjb8Ekgsd4FDteOkCU.jpg,2019-10-01,Joker,False,8.161,24675
False,/pDKFL1zcHzEpmz4MJA5JJnRbJeD.jpg,"[27, 53, 18]",405774,en,Bird Box,"Five years after an ominous unseen presence drives most of society to suicide, a survivor and her two children make a desperate bid to reach safety.",523.967,/rGfGfgL2pEPCfhIvqHXieXFn7gp.jpg,2018-12-13,Bird Box,False,6.842,9628
False,/7lmBufEG7P7Y1HClYK3gCxYrkgS.jpg,"[12, 28, 878]",10138,en,Iron Man 2,"With the world now aware of his dual life as the armored superhero Iron Man, billionaire inventor Tony Stark faces pressure from the government, the press and the public to share his technology with the military. Unwilling to let go of his invention, Stark, with Pepper Potts and James 'Rhodey' Rhodes at his side, must forge new alliances – and confront powerful enemies.",450.761,/6WBeq4fCfn7AN0o21W9qNcRF2l9.jpg,2010-04-28,Iron Man 2,False,6.841,20497
False,/xJHokMbljvjADYdit5fK5VQsXEG.jpg,"[12, 18, 878]",157336,en,Interstellar,The adventures of a group of explorers who make use of a newly discovered wormhole to surpass the limitations on human space travel and conquer the vast distances involved in an interstellar voyage.,385.615,/gEU2QniE6E77NI6lCU6MxlNBvIx.jpg,2014-11-05,Interstellar,False,8.435,34467
False,/28kKbSUvUz6P5RE1AuMJMO7IMfK.jpg,"[28, 878, 12]",27205,en,Inception,"Cobb, a skilled thief who commits corporate espionage by infiltrating the subconscious of his targets is offered a chance to regain his old life as payment for a task considered to be impossible: ""inception"", the implantation of another person's idea into a target's subconscious.",420.34,/oYuLEt3zVCKq57qu2F8dT7NIa6f.jpg,2010-07-15,Inception,False,8.368,35812
False,/6iUNJZymJBMXXriQyFZfLAKnjO6.jpg,"[28, 12, 14]",297762,en,Wonder Woman,An Amazon princess comes to the world of Man in the grips of the First World War to confront the forces of evil and bring an end to human conflict.,498.511,/imekS7f1OuHyUP2LAiTEM0zBzUz.jpg,2017-05-30,Wonder Woman,False,7.228,19563
False,/8lBViysvNJBPkl6zG1LVAaW3qhj.jpg,"[28, 12, 53]",206647,en,Spectre,"A cryptic message from Bond’s past sends him on a trail to uncover a sinister organization. While M battles political forces to keep the secret service alive, Bond peels back the layers of deceit to reveal the terrible truth behind SPECTRE.",434.994,/zj8ongFhtWNsVlfjOGo8pSr7PQg.jpg,2015-10-26,Spectre,False,6.544,10270
False,/4TFCA5Lm5miseV3Wy02yxurEQL9.jpg,"[878, 28, 18, 53]",119450,en,Dawn of the Planet of the Apes,"A group of scientists in San Francisco struggle to stay alive in the aftermath of a plague that is wiping out humanity, while Caesar tries to maintain dominance over his community of intelligent apes.",311.258,/kScdQEwS9jPEdnO23XjGAtaoRcT.jpg,2014-07-08,Dawn of the Planet of the Apes,False,7.324,10987
False,/YL3GPOiDcNraIJOVDCZsoOBoDy.jpg,"[878, 28, 12, 53]",106,en,Predator,A team of elite commandos on a secret mission in a Central American jungle come to find themselves hunted by an extraterrestrial warrior.,413.312,/k3mW4qfJo6SKqe6laRyNGnbB9n5.jpg,1987-06-12,Predator,False,7.528,7758
False,/lUlz0oE3zhAku7QvGoDJCeaFuiO.jpg,"[28, 9648, 53]",1111966,en,Mercy,"An ex-military doctor finds herself in a deadly battle for survival when the Irish mafia seize control of the hospital at which she works. When her son is taken hostage, she is forced to rely upon her battle-hardened past and lethal skills after realizing there’s no one left to save the day but her.",331.105,/8voINwqMlscROrjhN97fGkmhvEV.jpg,2023-05-12,Mercy,False,6.267,60
False,/w5IDXtifKntw0ajv2co7jFlTQDM.jpg,"[878, 9648, 12]",62,en,2001: A Space Odyssey,"Humanity finds a mysterious object buried beneath the lunar surface and sets off to find its origins with the help of HAL 9000, the world's most advanced super computer.",470.732,/ve72VxNqjGM69Uky4WTo2bK6rfq.jpg,1968-04-02,2001: A Space Odyssey,False,8.078,11136
False,/tDmAhKMBv0e4sYyg4FX5LVfe64S.jpg,"[28, 878, 53, 10749]",1072589,th,สลิธ โปรเจกต์ล่า,"After a deadly forest fire sweeps the earth and fills the air with pollutants, society is on the brink of collapse and riddled with disease. The only hope seems to be in a legend come to life: that of the Slyth, a reptilian species that can disguise themselves as humans and possesses blood that can cure disease. The hunt is on.",313.362,/6muOqoxmcR1AzHhiKaPUfvvpCIq.jpg,2023-12-05,Slyth: The Hunt Saga,False,4.417,6
False,/VuukZLgaCrho2Ar8Scl9HtV3yD.jpg,"[878, 28]",335983,en,Venom,"Investigative journalist Eddie Brock attempts a comeback following a scandal, but accidentally becomes the host of Venom, a violent, super powerful alien symbiote. Soon, he must rely on his newfound powers to protect the world from a shadowy organization looking for a symbiote of their own.",489.201,/2uNW4WbgBXL25BAbXGLnLqX71Sw.jpg,2018-09-28,Venom,False,6.828,15374
False,/JdT3ywizJIICTZCb4dteyCspON.jpg,"[878, 12, 28]",609681,en,The Marvels,"Carol Danvers, aka Captain Marvel, has reclaimed her identity from the tyrannical Kree and taken revenge on the Supreme Intelligence. But unintended consequences see Carol shouldering the burden of a destabilized universe. When her duties send her to an anomalous wormhole linked to a Kree revolutionary, her powers become entangled with that of Jersey City super-fan Kamala Khan, aka Ms. Marvel, and Carol’s estranged niece, now S.A.B.E.R. astronaut Captain Monica Rambeau. Together, this unlikely trio must team up and learn to work in concert to save the universe.",387.303,/9GBhzXMFjgcZ3FdR9w3bUMMTps5.jpg,2023-11-08,The Marvels,False,6.133,2351
False,/x1Ex090BNIXcmaBYB2US0j3hBUF.jpg,"[28, 53, 18]",1057001,ko,The Childe,"Desperate to secure funds for his mother's surgery, an amateur boxer searches for the wealthy father he's never met. Traveling from the Philippines to Korea, he is relentlessly pursued and forced to confront a shocking truth.",322.191,/ydC8ubFXQfkPJDhkduMhbE9mTz7.jpg,2023-06-21,The Childe,False,7.211,95
False,/2qluV8y79LnBBHaMpwewCjQ1Htk.jpg,"[878, 27, 9648]",126889,en,Alien: Covenant,"The crew of the colony ship Covenant, bound for a remote planet on the far side of the galaxy, discovers what they think is an uncharted paradise but is actually a dark, dangerous world.",439.21,/zecMELPbU5YMQpC81Z8ImaaXuf9.jpg,2017-05-09,Alien: Covenant,False,6.112,8219
False,/2tE0A6WjLowwQOUY8se1Xlf3O6U.jpg,"[18, 36]",68730,en,Silence,"Two Jesuit priests travel to seventeenth century Japan which has, under the Tokugawa shogunate, banned Catholicism and almost all foreign contact.",395.861,/x5T0cQDYws0xRBVG4Q3wpcrcmax.jpg,2016-12-22,Silence,False,7.1,2969
False,/3zvZ699gMW2RhWc0GisIukzq0Ls.jpg,"[28, 12, 14]",284052,en,Doctor Strange,"After his career is destroyed, a brilliant but arrogant surgeon gets a new lease on life when a sorcerer takes him under her wing and trains him to defend the world against evil.",394.828,/7WfK17BXE6szXlm4WOxfswgbdsL.jpg,2016-10-25,Doctor Strange,False,7.422,21643
False,/hFtJz4TvoiJJcw2ZOMdhK22aU9P.jpg,[14],617127,en,Blade,A film set in the Marvel Cinematic Universe (MCU) based on the Marvel Comics character of the same name.,394.008,/fKqA4rgVJwrM7Gb3tQ9TGHnu8Tr.jpg,2025-11-05,Blade,False,0.0,0
False,/9pkZesKMnblFfKxEhQx45YQ2kIe.jpg,"[27, 53]",381288,en,Split,"Though Kevin has evidenced 23 personalities to his trusted psychiatrist, Dr. Fletcher, there remains one still submerged who is set to materialize and dominate all the others. Compelled to abduct three teenage girls led by the willful, observant Casey, Kevin reaches a war for survival among all of those contained within him — as well as everyone around him — as the walls between his compartments shatter apart.",392.952,/lli31lYTFpvxVBeFHWoe5PMfW5s.jpg,2017-01-19,Split,False,7.345,16939
False,/wODqakS0jinTUECNS6n4VomQbew.jpg,"[14, 12, 35]",967847,en,Ghostbusters: Frozen Empire,"When the discovery of an ancient artifact unleashes an evil force, Ghostbusters new and old must join forces to protect their home and save the world from a second Ice Age.",387.556,/e1J2oNzSBdou01sUvriVuoYp0pJ.jpg,2024-03-20,Ghostbusters: Frozen Empire,False,6.649,927
False,/oZwwwezJFlHmQGBRJDLmENXwOIt.jpg,"[9648, 27, 878]",378018,en,The Void,"In the middle of a routine patrol, officer Daniel Carter happens upon a blood-soaked figure limping down a deserted stretch of road. He rushes the young man to a nearby rural hospital staffed by a skeleton crew, only to discover that patients and personnel are transforming into something inhuman. As the horror intensifies, Carter leads the other survivors on a hellish voyage into the subterranean depths of the hospital in a desperate bid to end the nightmare before it's too late.",387.494,/c0WLRyT0AmUi41nVXBnqmJshIBn.jpg,2016-09-22,The Void,False,5.949,1175
False,/JdT3ywizJIICTZCb4dteyCspON.jpg,"[878, 12, 28]",609681,en,The Marvels,"Carol Danvers, aka Captain Marvel, has reclaimed her identity from the tyrannical Kree and taken revenge on the Supreme Intelligence. But unintended consequences see Carol shouldering the burden of a destabilized universe. When her duties send her to an anomalous wormhole linked to a Kree revolutionary, her powers become entangled with that of Jersey City super-fan Kamala Khan, aka Ms. Marvel, and Carol’s estranged niece, now S.A.B.E.R. astronaut Captain Monica Rambeau. Together, this unlikely trio must team up and learn to work in concert to save the universe.",387.303,/9GBhzXMFjgcZ3FdR9w3bUMMTps5.jpg,2023-11-08,The Marvels,False,6.132,2352
False,/baJHUXBcoaHnMf2sjwegbuhIjEV.jpg,[878],9482,en,Judge Dredd,"In a dystopian future, Dredd, the most famous judge (a cop with instant field judiciary powers) is convicted for a crime he did not commit while his murderous counterpart escapes.",386.937,/cfSnKn8NDU3m8UxihjVcYprA0Aq.jpg,1995-06-30,Judge Dredd,False,5.793,2358
False,/oe7mWkvYhK4PLRNAVSvonzyUXNy.jpg,"[28, 53]",359410,en,Road House,"Ex-UFC fighter Dalton takes a job as a bouncer at a Florida Keys roadhouse, only to discover that this paradise is not all it seems.",386.494,/qbzMVUcNvT4bfRWniuOGGvZJJim.jpg,2024-03-08,Road House,False,7.02,1850
False,/xJHokMbljvjADYdit5fK5VQsXEG.jpg,"[12, 18, 878]",157336,en,Interstellar,The adventures of a group of explorers who make use of a newly discovered wormhole to surpass the limitations on human space travel and conquer the vast distances involved in an interstellar voyage.,385.615,/gEU2QniE6E77NI6lCU6MxlNBvIx.jpg,2014-11-05,Interstellar,False,8.435,34467
False,/uBHeAB2Ug9ELBzkMyls8CUjzn4i.jpg,"[28, 878, 53]",64635,en,Total Recall,"Factory worker Doug Quaid takes a virtual mind-trip vacation with the Rekall company, opting for implanted memories of being a spy. When the procedure goes wrong, Quaid becomes a wanted man by the police and joins forces with a rebel fighter to stop the evil Chancellor Cohaagen.",384.932,/4M5urSlUyR2PtVBIoW9hLG9NQCQ.jpg,2012-08-02,Total Recall,False,6.014,5324
False,/hU1Q9YVzdYhokr8a9gLywnSUMlN.jpg,"[16, 12, 28, 14, 10751]",1147400,fr,"Miraculous World : Paris, Les Aventures de Toxinelle et Griffe Noire","Miraculous holders from another world appear in Paris. They come from a parallel universe where everything is reversed: the holders of Ladybug and Black Cat Miraculouses, Shadybug and Claw Noir, are the bad guys, and the holder of the Butterfly Miraculous, Hesperia, is a superhero. Ladybug and Cat Noir will have to help Hesperia counter the attacks of their evil doubles and prevent them from seizing the Butterfly's Miraculous. Can our heroes also help Hesperia make Shadybug and Claw Noir better people?",384.838,/7Md3nuV0ZprBTnkdR3OrUCEsrSP.jpg,2023-10-21,"Miraculous World: Paris, Tales of Shadybug and Claw Noir",False,7.577,188
False,/8aqTmCHLkktH7RZNALeaOMneHSl.jpg,"[27, 35]",16281,en,Creepshow,"Five tales in the style of classic '50s horror comics, involving a murdered man emerging from the grave, a meteor's ooze that makes everything grow, a snack for a crated creature, a scheming husband, and a malevolent millionaire with an insect phobia.",377.312,/4SoyTCEpsgLjX6yAyMsx3AsAyRQ.jpg,1982-11-10,Creepshow,False,6.935,973
False,/hO1oTBGNxO5fBKVEuWnSpICJH7c.jpg,"[27, 53]",424139,en,Halloween,"Laurie Strode comes to her final confrontation with Michael Myers, the masked figure who has haunted her since she narrowly escaped his killing spree on Halloween night four decades ago.",373.309,/f7JAX5EGk4GgsEnus6OxyzwpFp7.jpg,2018-10-18,Halloween,False,6.556,4550
False,/k37Ccgu05Am1xxgN5GaW0HX9Kkl.jpg,"[27, 53]",1087388,en,Sting,"After raising an unnervingly talented spider in secret, 12-year-old Charlotte must face the truth about her pet and fight for her family's survival.",373.144,/zuSAZIG1PSrxFwPeAlGtg9LTwxo.jpg,2024-04-12,Sting,False,6.352,105
False,/AuKXTyCVzeIdtTe1NAQnJa1ZC7I.jpg,"[16, 14, 10751]",739547,en,Thelma the Unicorn,"Thelma dreams of being a glamorous unicorn. Then in a rare pink and glitter-filled moment of fate, Thelma's wish comes true. She rises to instant international stardom, but at an unexpected cost. After a while, Thelma realizes that she was happier as her ordinary, sparkle-free self. So she ditches her horn, scrubs off her sparkles, and returns home, where her best friend is waiting for her with a hug.",372.364,/yutiEZ7taGDNau2jGjKIdDwQpDw.jpg,2024-05-17,Thelma the Unicorn,False,6.8,88
False,/6aoyUbvu0419XLKLIMoH0TkEicH.jpg,"[80, 18]",103,en,Taxi Driver,A mentally unstable Vietnam War veteran works as a night-time taxi driver in New York City where the perceived decadence and sleaze feed his urge for violent action.,368.216,/ekstpH614fwDX8DUln1a2Opz0N8.jpg,1976-02-09,Taxi Driver,False,8.151,11835
False,/7ZP8HtgOIDaBs12krXgUIygqEsy.jpg,"[878, 28, 14, 12]",601796,ko,외계+인 1부,"Gurus in the late Goryeo dynasty try to obtain a fabled, holy sword, and humans in 2022 hunt down an alien prisoner that is locked in a human's body. The two parties cross paths when a time-traveling portal opens up.",366.516,/8QVDXDiOGHRcAD4oM6MXjE0osSj.jpg,2022-07-20,Alienoid,False,6.9,345
False,/7kQvHmGyKJv2wSKVfCUux50rd7A.jpg,[878],920342,zh,异兽战场,"The soldier king Qin Yang's fiancée Ye Qin met with an unknown beast and died tragically. Gu Ping invites him to participate in Ye Qin's scientific research before her death. But Gu Ping is using Ye Qin's research results to combine the genes of unknown beasts to create the ""Zero"" dragon creature. The intelligent dragon creature, coupled with the extra-terrestrial beast evolved by devouring,  an imminent city war is coming...",364.529,/nBVYp2xxx2R02n21EGlDky8CgWR.jpg,2021-12-27,Monster's Battlefield,False,7.12,46
False,/mg08WeXL6GWEJHUPAf6p9RD7Z1.jpg,"[27, 9648]",635,en,Angel Heart,"Harry Angel, a down-and-out Brooklyn detective, is hired to track down a singer on an odyssey that will take him through the desperate streets of Harlem, the smoke-filled jazz clubs of New Orleans, and the swamps of Louisiana and its seedy underworld of voodoo.",363.423,/h5v3wjJQNB7q2RntEnKDLhKtTFE.jpg,1987-03-06,Angel Heart,False,7.137,1462
False,/6MmYsaK6poR8f4R8jsBnJBU5tfd.jpg,"[18, 35]",400928,en,Gifted,"Frank, a single man raising his child prodigy niece Mary, is drawn into a custody battle with his mother.",408.385,/7YB2YrMwIm1g8FyZtlvmVDfRnAT.jpg,2017-04-07,Gifted,False,8.035,5238
False,/baJHUXBcoaHnMf2sjwegbuhIjEV.jpg,[878],9482,en,Judge Dredd,"In a dystopian future, Dredd, the most famous judge (a cop with instant field judiciary powers) is convicted for a crime he did not commit while his murderous counterpart escapes.",386.937,/cfSnKn8NDU3m8UxihjVcYprA0Aq.jpg,1995-06-30,Judge Dredd,False,5.793,2355
False,/2tE0A6WjLowwQOUY8se1Xlf3O6U.jpg,"[18, 36]",68730,en,Silence,"Two Jesuit priests travel to seventeenth century Japan which has, under the Tokugawa shogunate, banned Catholicism and almost all foreign contact.",395.861,/x5T0cQDYws0xRBVG4Q3wpcrcmax.jpg,2016-12-22,Silence,False,7.125,2969
False,/cjRUhKyt2Jo3V1KNzc5tpPNfccG.jpg,"[878, 28, 12]",320288,en,Dark Phoenix,"The X-Men face their most formidable and powerful foe when one of their own, Jean Grey, starts to spiral out of control. During a rescue mission in outer space, Jean is nearly killed when she's hit by a mysterious cosmic force. Once she returns home, this force not only makes her infinitely more powerful, but far more unstable. The X-Men must now band together to save her soul and battle aliens that want to use Grey's new abilities to rule the galaxy.",399.363,/cCTJPelKGLhALq3r51A9uMonxKj.jpg,2019-06-05,Dark Phoenix,False,5.976,6285
False,/gG9fTyDL03fiKnOpf2tr01sncnt.jpg,"[28, 878, 14]",526896,en,Morbius,"Dangerously ill with a rare blood disorder, and determined to save others suffering his same fate, Dr. Michael Morbius attempts a desperate gamble. What at first appears to be a radical success soon reveals itself to be a remedy potentially worse than the disease.",406.612,/6JjfSchsU6daXk2AKX8EEBjO3Fm.jpg,2022-03-30,Morbius,False,6.0,4118
False,/5fxTB08O7CW1hAcN2MWOKodp1h1.jpg,"[18, 35]",615777,en,Babylon,"A tale of outsized ambition and outrageous excess, tracing the rise and fall of multiple characters in an era of unbridled decadence and depravity during Hollywood's transition from silent films to sound films in the late 1920s.",403.913,/wjOHjWCUE0YzDiEzKv8AfqHj3ir.jpg,2022-12-22,Babylon,False,7.4,2825
False,/ufy3U0Kf9fvbgm6DEhJS68RERys.jpg,[28],597891,en,Kate,A ruthless criminal operative has less than 24 hours to exact revenge on her enemies and in the process forms an unexpected bond with the daughter of one of her past victims.,438.806,/uJgdT1boTSP0dDIjdTgGleg71l4.jpg,2021-09-10,Kate,False,6.642,1439
False,/ruF3Lmd4A8MHbnEBE6lxPMbsHGL.jpg,"[9648, 18]",15,en,Citizen Kane,"Newspaper magnate Charles Foster Kane is taken from his mother as a boy and made the ward of a rich industrialist. As a result, every well-meaning, tyrannical or self-destructive move he makes for the rest of his life appears in some way to be a reaction to that deeply wounding event.",401.495,/sav0jxhqiH0bPr2vZFU0Kjt2nZL.jpg,1941-04-17,Citizen Kane,False,8.008,5320
False,/504GSaoxBA5nLlcMsJfjzLZEKUp.jpg,"[10749, 18]",937287,en,Challengers,"Tennis player turned coach Tashi has taken her husband, Art, and transformed him into a world-famous Grand Slam champion. To jolt him out of his recent losing streak, she signs him up for a ""Challenger"" event — close to the lowest level of pro tournament — where he finds himself standing across the net from his former best friend and Tashi's former boyfriend.",321.569,/H6vke7zGiuLsz4v4RPeReb9rsv.jpg,2024-04-18,Challengers,False,7.278,886
False,/bmAzESah8IUNRQX5MqeyUrhE5Pr.jpg,"[9648, 878]",2666,en,Dark City,"A man struggles with memories of his past, including a wife he cannot remember, in a nightmarish world with no sun and run by beings with telekinetic powers who seek the souls of humans.",415.822,/AdBe2ow8hdlT2aLBYuUjs0Xkqkw.jpg,1998-02-27,Dark City,False,7.323,2703
False,/ulMscezy9YX0bhknvJbZoUgQxO5.jpg,"[18, 878, 10752]",281338,en,War for the Planet of the Apes,"Caesar and his apes are forced into a deadly conflict with an army of humans led by a ruthless Colonel. After the apes suffer unimaginable losses, Caesar wrestles with his darker instincts and begins his own mythic quest to avenge his kind. As the journey finally brings them face to face, Caesar and the Colonel are pitted against each other in an epic battle that will determine the fate of both their species and the future of the planet.",266.392,/mMA1qhBFgZX8O36qPPTC016kQl1.jpg,2017-07-11,War for the Planet of the Apes,False,7.195,8626
False,/hO1oTBGNxO5fBKVEuWnSpICJH7c.jpg,"[27, 53]",424139,en,Halloween,"Laurie Strode comes to her final confrontation with Michael Myers, the masked figure who has haunted her since she narrowly escaped his killing spree on Halloween night four decades ago.",373.309,/f7JAX5EGk4GgsEnus6OxyzwpFp7.jpg,2018-10-18,Halloween,False,6.556,4550
False,/6aoyUbvu0419XLKLIMoH0TkEicH.jpg,"[80, 18]",103,en,Taxi Driver,A mentally unstable Vietnam War veteran works as a night-time taxi driver in New York City where the perceived decadence and sleaze feed his urge for violent action.,368.216,/ekstpH614fwDX8DUln1a2Opz0N8.jpg,1976-02-09,Taxi Driver,False,8.151,11835
False,/oZwwwezJFlHmQGBRJDLmENXwOIt.jpg,"[9648, 27, 878]",378018,en,The Void,"In the middle of a routine patrol, officer Daniel Carter happens upon a blood-soaked figure limping down a deserted stretch of road. He rushes the young man to a nearby rural hospital staffed by a skeleton crew, only to discover that patients and personnel are transforming into something inhuman. As the horror intensifies, Carter leads the other survivors on a hellish voyage into the subterranean depths of the hospital in a desperate bid to end the nightmare before it's too late.",387.494,/c0WLRyT0AmUi41nVXBnqmJshIBn.jpg,2016-09-22,The Void,False,5.949,1175
False,/7IgL9NzlXSSHXyYoZHXVJEKQhkg.jpg,"[16, 35]",1284004,en,May the 12th Be with You,"It's Mother's Day and Marge Simpson joins the moms of Disney+ on a special holiday outing that turns into an epic galactic adventure filled with heroes, villains, and Stewie from Family Guy.",260.244,/sHJ2OIgpcpSmhqXkuSWxZ3nwg1S.jpg,2024-05-09,May the 12th Be with You,False,5.289,19
False,/4OwkbRacTGBkHRehVbmtsLoV84u.jpg,"[27, 14, 28, 9648]",1034751,es,Vampiras: The Brides,"After more than 300 years in hiding, Dracula's brides, Luna, Adriana and his new apprentice Katya, must team up once again to stop the most diabolical threat from their past, his sister Mina.",244.283,/vGl6JzSvwfTllfw4UZ9MD8nD42Y.jpg,2024-02-07,Vampiras: The Brides,False,6.4,18
False,/sctvs9cUwJD15qlTlrsh2BXsK75.jpg,"[28, 80, 18]",111,en,Scarface,"After getting a green card in exchange for assassinating a Cuban government official, Tony Montana stakes a claim on the drug trade in Miami. Viciously murdering anyone who stands in his way, Tony eventually becomes the biggest drug lord in the state, controlling nearly all the cocaine that comes through Miami. But increased pressure from the police, wars with Colombian drug cartels and his own drug-fueled paranoia serve to fuel the flames of his eventual downfall.",324.007,/iQ5ztdjvteGeboxtmRdXEChJOHh.jpg,1983-12-09,Scarface,False,8.169,11401
False,/hFtJz4TvoiJJcw2ZOMdhK22aU9P.jpg,[14],617127,en,Blade,A film set in the Marvel Cinematic Universe (MCU) based on the Marvel Comics character of the same name.,394.008,/fKqA4rgVJwrM7Gb3tQ9TGHnu8Tr.jpg,2025-11-05,Blade,False,0.0,0
False,/uBHeAB2Ug9ELBzkMyls8CUjzn4i.jpg,"[28, 878, 53]",64635,en,Total Recall,"Factory worker Doug Quaid takes a virtual mind-trip vacation with the Rekall company, opting for implanted memories of being a spy. When the procedure goes wrong, Quaid becomes a wanted man by the police and joins forces with a rebel fighter to stop the evil Chancellor Cohaagen.",384.932,/4M5urSlUyR2PtVBIoW9hLG9NQCQ.jpg,2012-08-02,Total Recall,False,6.014,5324
False,/goCvLSUFz0p7k8R10Hv4CVh3EQv.jpg,"[28, 80]",339403,en,Baby Driver,"After being coerced into working for a crime boss, a young getaway driver finds himself taking part in a heist doomed to fail.",344.998,/rmnQ9jKW72bHu8uKlMjPIb2VLMI.jpg,2017-06-28,Baby Driver,False,7.451,15264
False,/goCvLSUFz0p7k8R10Hv4CVh3EQv.jpg,"[28, 80]",339403,en,Baby Driver,"After being coerced into working for a crime boss, a young getaway driver finds himself taking part in a heist doomed to fail.",344.998,/rmnQ9jKW72bHu8uKlMjPIb2VLMI.jpg,2017-06-28,Baby Driver,False,7.451,15264
False,/a8VgPlIQaX2WfUfYxhF4ItpkTO.jpg,"[18, 53]",812037,fr,L'été dernier,"One summer, a French teenager who has been living with his mother in the city moves in with his estranged father’s family in the countryside, where he clashes with his stepmother.",220.096,/8WwVhNc2dPtmPiwnm5MdKRHmeUQ.jpg,2023-09-13,Last Summer,False,5.881,109
False,/iwgl8zlrrfvfWp9k9Paj8lvFEvS.jpg,"[80, 9648, 53]",807,en,Se7en,"Two homicide detectives are on a desperate hunt for a serial killer whose crimes are based on the ""seven deadly sins"" in this dark and haunting film that takes viewers from the tortured remains of one victim to the next. The seasoned Det. Sommerset researches each sin in an effort to get inside the killer's mind, while his novice partner, Mills, scoffs at his efforts to unravel the case.",333.94,/6yoghtyTpznpBik8EngEmJskVUO.jpg,1995-09-22,Se7en,False,8.373,20406
False,/8aqTmCHLkktH7RZNALeaOMneHSl.jpg,"[27, 35]",16281,en,Creepshow,"Five tales in the style of classic '50s horror comics, involving a murdered man emerging from the grave, a meteor's ooze that makes everything grow, a snack for a crated creature, a scheming husband, and a malevolent millionaire with an insect phobia.",377.312,/4SoyTCEpsgLjX6yAyMsx3AsAyRQ.jpg,1982-11-10,Creepshow,False,6.934,972
False,/3nYlM34QhzdtAvWRV5bN4nLtnTc.jpg,"[27, 53, 12]",578,en,Jaws,"When the seaside community of Amity finds itself under attack by a dangerous great white shark, the town's chief of police, a young marine biologist, and a grizzled hunter embark on a desperate quest to destroy the beast before it strikes again.",351.48,/lxM6kqilAdpdhqUl2biYp5frUxE.jpg,1975-06-20,Jaws,False,7.662,10066
False,/fn4n6uOYcB6Uh89nbNPoU2w80RV.jpg,"[28, 12, 878, 18]",315635,en,Spider-Man: Homecoming,"Following the events of Captain America: Civil War, Peter Parker, with the help of his mentor Tony Stark, tries to balance his life as an ordinary high school student in Queens, New York City, with fighting crime as his superhero alter ego Spider-Man as a new threat, the Vulture, emerges.",295.219,/c24sv2weTHPsmDa7jEMN0m2P3RT.jpg,2017-07-05,Spider-Man: Homecoming,False,7.337,21264
False,/2nyaeISu2xIxIgZYNpX4UayY8PN.jpg,"[28, 12, 878]",141052,en,Justice League,"Fuelled by his restored faith in humanity and inspired by Superman's selfless act, Bruce Wayne and Diana Prince assemble a team of metahumans consisting of Barry Allen, Arthur Curry and Victor Stone to face the catastrophic threat of Steppenwolf and the Parademons who are on the hunt for three Mother Boxes on Earth.",314.764,/eifGNCSDuxJeS1loAXil5bIGgvC.jpg,2017-11-15,Justice League,False,6.087,12670
False,/nxxCPRGTzxUH8SFMrIsvMmdxHti.jpg,"[35, 14, 10751]",639720,en,IF,A young girl who goes through a difficult experience begins to see everyone's imaginary friends who have been left behind as their real-life friends have grown up.,254.2,/xbKFv4KF3sVYuWKllLlwWDmuZP7.jpg,2024-05-08,IF,False,7.1,106
False,/mg08WeXL6GWEJHUPAf6p9RD7Z1.jpg,"[27, 9648]",635,en,Angel Heart,"Harry Angel, a down-and-out Brooklyn detective, is hired to track down a singer on an odyssey that will take him through the desperate streets of Harlem, the smoke-filled jazz clubs of New Orleans, and the swamps of Louisiana and its seedy underworld of voodoo.",363.423,/h5v3wjJQNB7q2RntEnKDLhKtTFE.jpg,1987-03-06,Angel Heart,False,7.137,1462
False,/qekky2LbtT1wtbD5MDgQvjfZQ24.jpg,"[28, 53]",984324,fr,Le salaire de la peur,"When an explosion at an oil well threatens hundreds of lives, a crack team is called upon to make a deadly desert crossing with nitroglycerine in tow.",242.854,/jFK2ZLQUzo9pea0jfMCHDfvWsx7.jpg,2024-03-28,The Wages of Fear,False,5.857,259
False,/d3Y9L11tgnYIKhAaRWfbaKGCjcM.jpg,"[35, 80, 28, 18]",399170,en,Logan Lucky,"Trying to reverse a family curse, brothers Jimmy and Clyde Logan set out to execute an elaborate robbery during the legendary Coca-Cola 600 race at the Charlotte Motor Speedway.",359.805,/mQrhrBaaHvRfBQq0Px3HtVbH9iE.jpg,2017-08-17,Logan Lucky,False,6.725,3380
False,/9bn8ApCTuqTb7rLoxzyGcyzjuFx.jpg,"[28, 53, 12]",447200,en,Skyscraper,"Framed and on the run, a former FBI agent must save his family from a blazing fire in the world's tallest building.",326.139,/52ml62vClzrlqvXZq2FEW6UF6c1.jpg,2018-07-11,Skyscraper,False,6.316,4836
False,/Aplu2eOGXreDrPsnggjeGblW3bW.jpg,[18],482706,ko,올리고당 더 무비,"A truth tale about ""Oligosaccharide"" written by Crocodile Man. One 'Geun-hyeok' and ten 'Mi-jeongs' put on a sexy adult fantasy!
 Geun-hyeok and Mi-jeong switch bodies after they have intercourse.
 Mi-jeong asks Geun-hyeok for something as she's about to get married...
 Mi-jeong is a call girl who seduces Geun-seok. She's actually a killer. What is she?
 Tae-sik only drinks black coffee and Mi-jeong likes him. Will they come true?
 Tae-sik is a loser who uses his wife to rip money off of other men. Geun-hyeok loves her. What will happen to them?
 What if someone is watching me? Mi-jeong asks detective Geun-hyeok for help...
 ""I have a wife!"" Geun-hyeok drinks with his sexy superior Mi-jeong and thing happen.
 Mi-jeong and her husband have a pile of debt. Mi-jeong goes to her friend Geun-hyeok who can foresee the future.
 Geun-hyeok is perfect and Mi-jeong loves her husband but she can't help feeling unsteady.
 Tae-sik leaves on a suicide journey and meets Mi-jeong. They fall in love...",220.38,/sBrpywCT5M1p5H5oaS5QpruH15Y.jpg,2017-06-15,Oligosaccharide The Movie,False,4.333,9
False,/91wcqNBLHhKWBIhMknG4qa6ejxE.jpg,"[12, 28, 18]",845111,fr,Les trois mousquetaires : Milady,"D'Artagnan, on a quest to rescue the abducted Constance, runs into the mysterious Milady de Winter again. The tension between the Catholics and the Protestants finally escalates, as the king declares war — forcing the now four musketeers into battle. But as the war goes on, they are tested physically, mentally and emotionally.",250.369,/rtosxP5sXuoRFPH4sVbMccLIPiV.jpg,2023-12-13,The Three Musketeers: Milady,False,6.469,434
False,/yjGllQUm28R4X9xD9T5xMszirgw.jpg,"[80, 18]",235,en,Stand by Me,"After learning that a boy their age has been accidentally killed near their rural homes, four Oregon boys decide to go see the body. On the way, Gordie,  Vern, Chris and Teddy encounter a mean junk man and a marsh full of leeches, as they also learn more about one another and their very different home lives. Just a lark at first, the boys' adventure evolves into a defining event in their lives.",341.965,/vz0w9BSehcqjDcJOjRaCk7fgJe7.jpg,1986-08-08,Stand by Me,False,7.855,5659
False,/fW24uPVG36CFc3t9ZZmBx4eZSrw.jpg,"[27, 28, 878]",1151703,en,Island Escape,"Trapped on an island, a team of mercenaries on a rescue mission begin to question everything around them as they encounter threatening creatures living in the shadows.",240.653,/5TA3AmwWKasVMRFGXZk0gRv2Oz6.jpg,2023-08-08,Island Escape,False,4.333,9
False,/9QusGjxcYvfPD1THg6oW3RLeNn7.jpg,"[28, 12, 14]",297802,en,Aquaman,"Half-human, half-Atlantean Arthur Curry is taken on the journey of his lifetime to discover if he is worth of being a king.",398.157,/zdw7Wf97vsQ0YnGomxDqfcEdUjX.jpg,2018-12-07,Aquaman,False,6.896,13722
False,/bsoAg22remHKL5O0xJH0m9DX6Pu.jpg,"[80, 18, 9648, 53]",829,en,Chinatown,"Private eye Jake Gittes lives off of the murky moral climate of sunbaked, pre-World War II Southern California. Hired by a beautiful socialite to investigate her husband's extra-marital affair, Gittes is swept into a maelstrom of double dealings and deadly deceits, uncovering a web of personal and political scandals that come crashing together.",343.708,/mQJz8J4naOA7RmCtypTPjgXZIMY.jpg,1974-06-20,Chinatown,False,7.915,3658
False,/vTlK3chwsEToSoQJYUcJaHlNhIf.jpg,"[12, 18]",618588,en,Arthur the King,"Over the course of ten days and 435 miles, an unbreakable bond is forged between pro adventure racer Michael Light and a scrappy street dog companion dubbed Arthur. As the team is pushed to their outer limits of endurance in the race, Arthur redefines what victory, loyalty and friendship truly mean.",235.069,/zkKB3kOun5DKAkm61pHvLbrjxfa.jpg,2024-03-15,Arthur the King,False,7.806,271
False,/uNMwASFJXcoJ0QYcEVMxnTcTYCZ.jpg,"[27, 53]",960469,en,Natty Knocks,"On Halloween Eve, Britt and the kids she is babysitting have to survive the horror of serial killer Abner Honeywell, who is himself the traumatized son of B-movie horror legend ""Natty Knocks"".",229.859,/sazh8qNbkHDPDSzAhpaRiWXWU98.jpg,2023-07-21,Natty Knocks,False,5.2,17
False,/ilK1JRbMjo4sMJtNKLOKnqRf1RH.jpg,"[10752, 28, 36]",976906,en,Spitfire Over Berlin,"August 1944. With the American Eighth Air Force poised to strike over Nazi Germany, British Intelligence learns that they could be flying into a deadly trap. With only hours to spare, Flight Lieutenant Edward Barnes must fly a life and death mission over Berlin in his unarmed Spitfire to obtain photographic evidence and save the lives of 1200 men.",245.878,/xtPPOPTad1qopK6uDe3VlYUa22o.jpg,2022-05-13,Spitfire Over Berlin,False,5.014,36
False,/3P52oz9HPQWxcwHOwxtyrVV1LKi.jpg,"[28, 35, 12]",383498,en,Deadpool 2,Wisecracking mercenary Deadpool battles the evil and powerful Cable and other bad guys to save a boy's life.,304.813,/to0spRl1CMDvyUbOnbb4fTk3VAd.jpg,2018-05-10,Deadpool 2,False,7.487,17112
False,/3W6ifzDqxINcxsZQypwupTPue8m.jpg,"[10749, 18, 35]",323260,cn,鴨王,"Fung looks like a super-heartthrob and was bon with a special endowment, making him the high school idol. He was expelled from school when he was caught fighting on campus. When his mom, the sole provider of his family with her poultry business, had to stop working due to her back problems, Fung decides to support his family financially. And from that moment, his life takes on a tumultuous change…",225.675,/v0YIyJc5EtAGciCZsvqsW2QPRAr.jpg,2015-01-29,The Gigolo,False,4.833,24
False,/c6yfABGVKuB5cjoOwdX4AJMlzUz.jpg,"[35, 14]",620,en,Ghostbusters,"After losing their academic posts at a prestigious university, a team of parapsychologists goes into business as proton-pack-toting ""ghostbusters"" who exterminate ghouls, hobgoblins and supernatural pests of all stripes. An ad campaign pays off when a knockout cellist hires the squad to purge her swanky digs of demons that appear to be living in her refrigerator.",294.098,/7E8nLijS9AwwUEPu2oFYOVKhdFA.jpg,1984-06-08,Ghostbusters,False,7.485,8653
False,/o7JVhqMmrex1TPbmuxl8YXVlcfl.jpg,"[28, 35, 14]",287947,en,Shazam!,A boy is given the ability to become an adult superhero in times of need with a single magic word.,317.911,/xnopI5Xtky18MPhK40cZAGAOVeV.jpg,2019-03-29,Shazam!,False,7.017,9241
False,/udhU4oOPxAiNltoMVddSRq3lLAk.jpg,"[53, 28, 878]",766507,en,Prey,"When danger threatens her camp, the fierce and highly skilled Comanche warrior Naru sets out to protect her people. But the prey she stalks turns out to be a highly evolved alien predator with a technically advanced arsenal.",309.916,/ujr5pztc1oitbe7ViMUOilFaJ7s.jpg,2022-08-02,Prey,False,7.719,6344
False,/uaSIzbRfwLidxRNMvdZAUwW3vtL.jpg,"[28, 14, 10752]",856289,zh,封神第一部：朝歌风云,"Based on the most well-known classical fantasy novel of China, Fengshenyanyi, the trilogy is a magnificent eastern high fantasy epic that recreates the prolonged mythical wars between humans, immortals and monsters, which happened more than three thousand years ago.",249.62,/1v5ZteB49M0RUGYrf9R37Mz8yo2.jpg,2023-07-20,Creation of the Gods I: Kingdom of Storms,False,7.124,266
False,/9c0lHTXRqDBxeOToVzRu0GArSne.jpg,"[878, 28]",935271,en,After the Pandemic,"Set in a post-apocalyptic world where a global airborne pandemic has wiped out 90% of the Earth's population and only the young and immune have endured as scavengers. For Ellie and Quinn, the daily challenges to stay alive are compounded when they become hunted by the merciless Stalkers.",237.022,/p1LbrdJ53dGfEhRopG71akfzOVu.jpg,2022-03-01,After the Pandemic,False,4.806,62
False,/pcWxKfFNCznTKYy0E8M9nG1cwL4.jpg,"[18, 35]",391713,en,Lady Bird,"Lady Bird McPherson, a strong willed, deeply opinionated, artistic 17 year old comes of age in Sacramento. Her relationship with her mother and her upbringing are questioned and tested as she plans to head off to college.",327.156,/gl66K7zRdtNYGrxyS2YDUP5ASZd.jpg,2017-09-01,Lady Bird,False,7.266,8225
False,/gMssbddpo4thHGHMpQEZC00Sq9.jpg,"[28, 18, 10752, 10749, 53]",369885,en,Allied,"In 1942, an intelligence officer in North Africa encounters a female French Resistance fighter on a deadly mission behind enemy lines. When they reunite in London, their relationship is tested by the pressures of war.",317.104,/sV4lXM32quwminL3TP36nlNPp7Q.jpg,2016-11-17,Allied,False,6.791,4418
False,/a4r8xcRwTgKIUKdWtxFXyxTZLeN.jpg,[27],14564,en,Rings,"Julia becomes worried about her boyfriend Holt when he explores the dark urban legend of a mysterious videotape said to kill the watcher seven days after viewing. She sacrifices herself to save her boyfriend and in doing so makes a horrifying discovery: there is a ""movie within the movie"" that no one has ever seen before.",320.238,/5FoczK6tDFzC9OyHiMMNIeNspek.jpg,2017-02-01,Rings,False,4.974,2430
False,/mDfJG3LC3Dqb67AZ52x3Z0jU0uB.jpg,"[12, 28, 878]",299536,en,Avengers: Infinity War,"As the Avengers and their allies have continued to protect the world from threats too large for any one hero to handle, a new danger has emerged from the cosmic shadows: Thanos. A despot of intergalactic infamy, his goal is to collect all six Infinity Stones, artifacts of unimaginable power, and use them to inflict his twisted will on all of reality. Everything the Avengers have fought for has led up to this moment - the fate of Earth and existence itself has never been more uncertain.",267.265,/7WsyChQLEftFiDOVTGkv3hFpyyt.jpg,2018-04-25,Avengers: Infinity War,False,8.246,28951
False,/mIKuvEhBvDf9LGxE9x6m0hDR9Au.jpg,"[35, 18]",34152,en,Crooklyn,"From Spike Lee comes this vibrant semi-autobiographical portrait of a school-teacher, her stubborn jazz-musician husband and their five kids living in '70s Brooklyn.",317.848,/iFqe07F78SO0SIBzWcK4I5MwNvP.jpg,1994-05-13,Crooklyn,False,6.78,132
False,/rq6duKhgffOtMs9LqgyhrJ9Y8EX.jpg,"[80, 18, 53]",10155,en,U Turn,"When Bobby's car breaks down in the desert while on the run from some of the bookies who have already taken two of his fingers, he becomes trapped in the nearby small town where the people are stranger than anyone he's encountered. After becoming involved with a young married woman, her husband hires Bobby to kill her. Later, she hires Bobby to kill the husband.",315.826,/lffvjJU8j7RLfz1SJVMfrn2wH6i.jpg,1997-10-03,U Turn,False,6.641,702
False,/hZnnUq0mrUQ3e54SJVca4mf2oAQ.jpg,"[27, 28]",36647,en,Blade,"The Daywalker known as ""Blade"" - a half-vampire, half-mortal man - becomes the protector of humanity against an underground army of vampires.",291.787,/oWT70TvbsmQaqyphCZpsnQR7R32.jpg,1998-08-21,Blade,False,6.785,5773
False,/5ccklJJR9McV3nzAgurdbc5nAlz.jpg,"[878, 27, 28]",9348,en,Species,"In 1993, the Search for Extra Terrestrial Intelligence Project receives a transmission detailing an alien DNA structure, along with instructions on how to splice it with human DNA. The result is Sil, a sensual but deadly creature who can change from a beautiful woman to an armour-plated killing machine in the blink of an eye.",323.01,/cT5wdyo8kT7dycqjrolJ2sHWkFx.jpg,1995-07-07,Species,False,5.964,1569
False,/qX5T5GVAcq2UKaaiAx5SZp1AtlY.jpg,"[80, 28, 878]",198184,en,Chappie,"Every child comes into the world full of promise, and none more so than Chappie: he is gifted, special, a prodigy. Like any child, Chappie will come under the influence of his surroundings—some good, some bad—and he will rely on his heart and soul to find his way in the world and become his own man. But there's one thing that makes Chappie different from any one else: he is a robot.",300.896,/hpnuXlKKWznTgbheGe4iQXzkuwJ.jpg,2015-03-04,Chappie,False,6.781,7709
False,/fgsHxz21B27hOOqQBiw9L6yWcM7.jpg,[27],439079,en,The Nun,A priest with a haunted past and a novice on the threshold of her final vows are sent by the Vatican to investigate the death of a young nun in Romania and confront a malevolent force in the form of a demonic nun.,290.143,/sFC1ElvoKGdHJIWRpNB3xWJ9lJA.jpg,2018-09-05,The Nun,False,5.89,6464
False,/8rpDcsfLJypbO6vREc0547VKqEv.jpg,"[878, 12, 28]",76600,en,Avatar: The Way of Water,"Set more than a decade after the events of the first film, learn the story of the Sully family (Jake, Neytiri, and their kids), the trouble that follows them, the lengths they go to keep each other safe, the battles they fight to stay alive, and the tragedies they endure.",239.029,/t6HIqrRAclMCA60NsSmeqe9RmNV.jpg,2022-12-14,Avatar: The Way of Water,False,7.6,11341
False,/8moTOzunF7p40oR5XhlDvJckOSW.jpg,[27],474350,en,It Chapter Two,"27 years after overcoming the malevolent supernatural entity Pennywise, the former members of the Losers' Club, who have grown up and moved away from Derry, are brought back together by a devastating phone call.",277.125,/zfE0R94v1E8cuKAerbskfD3VfUt.jpg,2019-09-04,It Chapter Two,False,6.846,8442
False,/14QbnygCuTO0vl7CAFmPf1fgZfV.jpg,"[28, 12, 878]",634649,en,Spider-Man: No Way Home,"Peter Parker is unmasked and no longer able to separate his normal life from the high-stakes of being a super-hero. When he asks for help from Doctor Strange the stakes become even more dangerous, forcing him to discover what it truly means to be Spider-Man.",249.596,/1g0dhYtq4irTY1GPXvft6k4YLjm.jpg,2021-12-15,Spider-Man: No Way Home,False,7.966,19458
False,/dENLz9Np9EV5Ro8UIBhbKC8BmSS.jpg,"[53, 28, 18, 878]",61791,en,Rise of the Planet of the Apes,"A highly intelligent chimpanzee named Caesar has been living a peaceful suburban life ever since he was born. But when he gets taken to a cruel primate facility, Caesar decides to revolt against those who have harmed him.",212.791,/cjLsuP75UDlRdJVMXzXg3TJ4umX.jpg,2011-08-03,Rise of the Planet of the Apes,False,7.319,11476
False,/6zbKgwgaaCyyBXE4Sun4oWQfQmi.jpg,"[28, 53]",615457,en,Nobody,"Hutch Mansell, a suburban dad, overlooked husband, nothing neighbor — a ""nobody."" When two thieves break into his home one night, Hutch's unknown long-simmering rage is ignited and propels him on a brutal path that will uncover dark secrets he fought to leave behind.",297.146,/oBgWY00bEFeZ9N25wWVyuQddbAo.jpg,2021-03-18,Nobody,False,7.968,6777
False,/dmgFJdivUmV4vGLkbPD49KVjlHx.jpg,"[53, 80, 18, 9648]",395458,en,Suburbicon,"In the quiet family town of Suburbicon during the 1950s, the best and worst of humanity is hilariously reflected through the deeds of seemingly ordinary people. When a home invasion turns deadly, a picture-perfect family turns to blackmail, revenge and murder.",303.566,/a3IHgSwO5jWPLcGjKqbQ7pxVGkq.jpg,2017-10-26,Suburbicon,False,5.885,1642
False,/aRka9neADW1M0Zf9lF8kW2jEgXe.jpg,"[27, 53]",948,en,Halloween,"Fifteen years after murdering his sister on Halloween Night 1963, Michael Myers escapes from a mental hospital and returns to the small town of Haddonfield, Illinois to kill again.",288.213,/wijlZ3HaYMvlDTPqJoTCWKFkCPU.jpg,1978-10-24,Halloween,False,7.555,5356
False,/9il7qNbeYnPMYlutsVYDsj4hRyb.jpg,"[18, 28]",480530,en,Creed II,"Between personal obligations and training for his next big fight against an opponent with ties to his family's past, Adonis Creed is up against the challenge of his life.",290.521,/v3QyboWRoA4O9RbcsqH8tJMe8EB.jpg,2018-11-21,Creed II,False,7.03,5263
False,/cRR7N8WzOkby776y6I4vW0GQXrJ.jpg,"[18, 878]",62215,en,Melancholia,Two sisters find their already strained relationship challenged as a mysterious new planet threatens to collide with Earth.,300.765,/kd0PqvTsJd6DOY7Jxu0R4vEfpsj.jpg,2011-05-26,Melancholia,False,7.195,3381
False,/keIxh0wPr2Ymj0Btjh4gW7JJ89e.jpg,"[28, 12, 878]",497698,en,Black Widow,"Natasha Romanoff, also known as Black Widow, confronts the darker parts of her ledger when a dangerous conspiracy with ties to her past arises. Pursued by a force that will stop at nothing to bring her down, Natasha must deal with her history as a spy and the broken relationships left in her wake long before she became an Avenger.",303.005,/kwB7d51AIcyzPOBOHLCEZJkmPhQ.jpg,2021-07-07,Black Widow,False,7.255,9843
False,/hxWcdGQ1YOnnTa4BMC8XQmDBt7x.jpg,"[80, 18, 53]",27579,en,The American,"Dispatched to a small Italian town to await further orders, assassin Jack embarks on a double life that may be more relaxing than is good for him.",301.631,/5OEOsRaBsSxD0qBtAhus0iKDzr.jpg,2010-08-31,The American,False,5.948,1300
False,/omHLKG9Q51tS0TlsiuJgw28D1uN.jpg,"[10749, 18]",895959,en,Float,"Waverly thought she had her future figured out, she’d start her medical residency in Toronto after a summer visit to her parents in Taipei. When her plans suddenly change, she makes an impulsive detour to a small Canadian town where she meets local lifeguard Blake. After he saves her from nearly drowning at a beach party, Blake offers to teach Waverly to swim, and as the lessons continue, the two unexpectedly find themselves falling in love.",188.949,/kPpaxvoQJ2xomVtirSqbDDNl79T.jpg,2024-02-09,Float,False,6.984,64
False,/jyRk8ykqLOXaVadZ0aWRDd89gMP.jpg,"[27, 35, 14]",765,en,Evil Dead II,"Ash Williams and his girlfriend Linda find a log cabin in the woods with a voice recording from an archeologist who had recorded himself reciting ancient chants from ""The Book of the Dead."" As they play the recording an evil power is unleashed taking over Linda's body.",278.733,/4zqCKJVHUolGs6C5AZwAZqLWixW.jpg,1987-03-13,Evil Dead II,False,7.546,2987
False,/zVDJ4cRgSpHlILSm7kGiklHQ6O7.jpg,"[16, 35, 12, 28]",1062807,ja,劇場版 SPY×FAMILY CODE: White,"While under the guise of taking his family on a weekend winter getaway, Loid's attempt to make progress on his current mission Operation Strix proves difficult when Anya mistakenly gets involved and triggers events that threaten world peace.",212.673,/xlIQf4y9eB14iYzNN142tROIWON.jpg,2023-12-22,SPY x FAMILY CODE: White,False,7.05,130
False,/deLWkOLZmBNkm8p16igfapQyqeq.jpg,"[14, 28, 12]",763215,en,Damsel,A young woman's marriage to a charming prince turns into a fierce fight for survival when she's offered up as a sacrifice to a fire-breathing dragon.,236.735,/AgHbB9DCE9aE57zkHjSmseszh6e.jpg,2024-03-07,Damsel,False,7.131,1841
False,/hZkgoQYus5vegHoetLkCJzb17zJ.jpg,[18],550,en,Fight Club,"A ticking-time-bomb insomniac and a slippery soap salesman channel primal male aggression into a shocking new form of therapy. Their concept catches on, with underground ""fight clubs"" forming in every town, until an eccentric gets in the way and ignites an out-of-control spiral toward oblivion.",272.412,/pB8BM7pdSp6B6Ih7QZ4DrQ3PmJK.jpg,1999-10-15,Fight Club,False,8.441,28608
False,/2vFuG6bWGyQUzYS9d69E5l85nIz.jpg,"[28, 12, 878]",667538,en,Transformers: Rise of the Beasts,"When a new threat capable of destroying the entire planet emerges, Optimus Prime and the Autobots must team up with a powerful faction known as the Maximals. With the fate of humanity hanging in the balance, humans Noah and Elena will do whatever it takes to help the Transformers as they engage in the ultimate battle to save Earth.",230.179,/gPbM0MK8CP8A174rmUwGsADNYKD.jpg,2023-06-06,Transformers: Rise of the Beasts,False,7.331,4281
False,/fS89P93Lq6pyT7d8ox8AMAEtXUs.jpg,"[878, 10749, 35]",792307,en,Poor Things,"Brought back to life by an unorthodox scientist, a young woman runs off with a lawyer on a whirlwind adventure across the continents. Free from the prejudices of her times, she grows steadfast in her purpose to stand for equality and liberation.",219.724,/kCGlIMHnOm8JPXq3rXM6c5wMxcT.jpg,2023-12-07,Poor Things,False,7.784,3469
False,/rtr0l61RxLPkmZHbZj0WFlGx5G5.jpg,"[18, 878]",301337,en,Downsizing,A kindly occupational therapist undergoes a new procedure to be shrunken to four inches tall so that he and his wife can help save the planet and afford a nice lifestyle at the same time.,281.871,/5bNzInSSAXfr0MFlHfb4IoQePVx.jpg,2017-12-22,Downsizing,False,5.352,3691
False,/8tqVlaXwF2vbMWMDa909IhdrTRc.jpg,"[878, 53]",505948,en,I Am Mother,"A teenage girl is raised underground by a robot ""Mother"", designed to repopulate the earth following an extinction event. But their unique bond is threatened when an inexplicable stranger arrives with alarming news.",297.073,/b3jWxwWRFqvNDJTvBcmKJVHnzKK.jpg,2019-06-07,I Am Mother,False,6.691,2466
False,/aINel9503ompOlGKn4sIVMg09Un.jpg,"[9648, 27, 53]",838209,ko,파묘,"After tracing the origin of a disturbing supernatural affliction to a wealthy family's ancestral gravesite, a team of paranormal experts relocates the remains—and soon discovers what happens to those who dare to mess with the wrong grave.",223.749,/pQYHouPsDw32FhDLr7E3jmw0WTk.jpg,2024-02-22,Exhuma,False,7.412,130
False,/6a3aiSYNqABoV1Fq8n10LMOBxhH.jpg,"[28, 53]",821937,vi,578: Phát Đạn Của Kẻ Điên,"A container truck driver, Hùng, lives an idyllic life with his little daughter, An. The father and daughter become the closest companions in every journey with their orange container truck. Life goes on like that until An has to leave her father to go to school. One day, Hùng is informed that An is suffering from severe depression. Relying on his old skills in the past and finding out the truth, Hùng becomes enraged and painful to know that his little girl was kidnapped by a male stranger. Starting his lone and intense journey looking for and chasing after the unknown abuser, Hùng realizes that to hunt down that psychopath he has to counter the massive underground forces behind him.",214.658,/8Nw5v7wPfa2FwbKyx61K2nIBcKa.jpg,2022-05-20,578: Magnum,False,5.8,51
False,/5QRRdnMWtAeu8Zgje2Gdwuo7gd6.jpg,"[27, 9648]",4233,en,Scream 2,"Away at college, Sidney Prescott thought she'd finally put the shocking murders that shattered her life behind her... until a copycat killer begins acting out a real-life sequel.",258.817,/dORlVasiaDkJXTqt9bdH7nFNs6C.jpg,1997-12-12,Scream 2,False,6.493,3984
False,/cnD5ygO97xFY8wQPwLP5v9saus7.jpg,"[80, 18, 9648]",2142,en,Cop Land,"Freddy Heflin is the sheriff of a place everyone calls “Cop Land” — a small and seemingly peaceful town populated by the big city police officers he’s long admired. Yet something ugly is taking place behind the town’s peaceful facade. And when Freddy uncovers a massive, deadly conspiracy among these local residents, he is forced to take action and make a dangerous choice between protecting his idols and upholding the law.",257.412,/qzR7m6kUhsbdid3xRK2jTXjyNmG.jpg,1997-08-15,Cop Land,False,6.783,1498
False,/lxD5ak7BOoinRNehOCA85CQ8ubr.jpg,"[16, 12, 10751, 35]",862,en,Toy Story,"Led by Woody, Andy's toys live happily in his room until Andy's birthday brings Buzz Lightyear onto the scene. Afraid of losing his place in Andy's heart, Woody plots against Buzz. But when circumstances separate Buzz and Woody from their owner, the duo eventually learns to put aside their differences.",255.514,/uXDfjJbdP4ijW5hWSBrPrlKpxab.jpg,1995-10-30,Toy Story,False,7.971,17913
False,/uUJp5I4IbzuhdUiEx4R9OAoFpbz.jpg,"[27, 53]",951491,en,Saw X,"Between the events of 'Saw' and 'Saw II', a sick and desperate John Kramer travels to Mexico for a risky and experimental medical procedure in hopes of a miracle cure for his cancer, only to discover the entire operation is a scam to defraud the most vulnerable. Armed with a newfound purpose, the infamous serial killer returns to his work, turning the tables on the con artists in his signature visceral way through devious, deranged, and ingenious traps.",255.402,/aQPeznSu7XDTrrdCtT5eLiu52Yu.jpg,2023-09-27,Saw X,False,7.283,1722
False,/ufUdEHvs31M8yw3HMFjhTaVJIVp.jpg,[18],1374,en,Rocky IV,"Rocky Balboa proudly holds the world heavyweight boxing championship, but a new challenger has stepped forward: Ivan Drago, a six-foot-four, 261-pound fighter who has the backing of the Soviet Union.",255.099,/2MHUit4H6OK5adcOjnCN6suCKOl.jpg,1985-11-21,Rocky IV,False,7.085,4247
False,/nxxCPRGTzxUH8SFMrIsvMmdxHti.jpg,"[35, 14, 10751]",639720,en,IF,A young girl who goes through a difficult experience begins to see everyone's imaginary friends who have been left behind as their real-life friends have grown up.,254.2,/xbKFv4KF3sVYuWKllLlwWDmuZP7.jpg,2024-05-08,IF,False,7.047,107
False,/kjQBrc00fB2RjHZB3PGR4w9ibpz.jpg,"[28, 12, 878]",670292,en,The Creator,"Amid a future war between the human race and the forces of artificial intelligence, a hardened ex-special forces agent grieving the disappearance of his wife, is recruited to hunt down and kill the Creator, the elusive architect of advanced AI who has developed a mysterious weapon with the power to end the war—and mankind itself.",252.046,/vBZ0qvaRxqEhZwl6LWmruJqWE8Z.jpg,2023-09-27,The Creator,False,7.102,2687
False,/h68ilwiTesb5wmDgy2mHYkVuOBP.jpg,"[35, 28, 12, 10752]",961,en,The General,"During America’s Civil War, Union spies steal engineer Johnny Gray's beloved locomotive, 'The General'—with Johnnie's lady love aboard an attached boxcar—and he single-handedly must do all in his power to both get The General back and to rescue Annabelle.",251.637,/4NmV1Wei4LxT2lpjViCAScgCZLq.jpg,1926-12-25,The General,False,7.963,1177
False,/91wcqNBLHhKWBIhMknG4qa6ejxE.jpg,"[12, 28, 18]",845111,fr,Les trois mousquetaires : Milady,"D'Artagnan, on a quest to rescue the abducted Constance, runs into the mysterious Milady de Winter again. The tension between the Catholics and the Protestants finally escalates, as the king declares war — forcing the now four musketeers into battle. But as the war goes on, they are tested physically, mentally and emotionally.",250.369,/rtosxP5sXuoRFPH4sVbMccLIPiV.jpg,2023-12-13,The Three Musketeers: Milady,False,6.469,434
False,/uUCij548JeREaZeWQ9HX4IlK8sE.jpg,"[28, 12, 53]",9802,en,The Rock,"When vengeful General Francis X. Hummel seizes control of Alcatraz Island and threatens to launch missiles loaded with deadly chemical weapons into San Francisco, only a young FBI chemical weapons expert and notorious Federal prisoner have the stills to penetrate the impregnable island fortress and take him down.",250.009,/j5mxLNWjUlXUUk8weFBtnF4afIR.jpg,1996-06-07,The Rock,False,7.13,4505
False,/uaSIzbRfwLidxRNMvdZAUwW3vtL.jpg,"[28, 14, 10752]",856289,zh,封神第一部：朝歌风云,"Based on the most well-known classical fantasy novel of China, Fengshenyanyi, the trilogy is a magnificent eastern high fantasy epic that recreates the prolonged mythical wars between humans, immortals and monsters, which happened more than three thousand years ago.",249.62,/1v5ZteB49M0RUGYrf9R37Mz8yo2.jpg,2023-07-20,Creation of the Gods I: Kingdom of Storms,False,7.124,266
False,/14QbnygCuTO0vl7CAFmPf1fgZfV.jpg,"[28, 12, 878]",634649,en,Spider-Man: No Way Home,"Peter Parker is unmasked and no longer able to separate his normal life from the high-stakes of being a super-hero. When he asks for help from Doctor Strange the stakes become even more dangerous, forcing him to discover what it truly means to be Spider-Man.",249.596,/1g0dhYtq4irTY1GPXvft6k4YLjm.jpg,2021-12-15,Spider-Man: No Way Home,False,7.966,19458
False,/5YZbUmjbMa3ClvSW1Wj3D6XGolb.jpg,"[878, 12, 28]",447365,en,Guardians of the Galaxy Vol. 3,"Peter Quill, still reeling from the loss of Gamora, must rally his team around him to defend the universe along with protecting one of their own. A mission that, if not completed successfully, could quite possibly lead to the end of the Guardians as we know them.",247.675,/r2J02Z2OpNTctfOSN1Ydgii51I3.jpg,2023-05-03,Guardians of the Galaxy Vol. 3,False,7.974,6318
False,/BgBXBqAukHxt6WKb7Iw49LW0DW.jpg,"[28, 9648, 53, 27, 80, 18]",935999,en,Hounded,A stately home robbery takes an evil turn one night when a gang of young thieves are caught by the owners of the house and then hunted across the estate for the proprietor's entertainment.,246.79,/cdVz9dUv2YvNQil4svLAiUTuY28.jpg,2022-10-21,Hunted,False,5.4,32
False,/dlz8uzyl9mHPyHXbveXutzpx8jI.jpg,"[18, 878]",264660,en,Ex Machina,"Caleb, a coder at the world's largest internet company, wins a competition to spend a week at a private mountain retreat belonging to Nathan, the reclusive CEO of the company. But when Caleb arrives at the remote location he finds that he will have to participate in a strange and fascinating experiment in which he must interact with the world's first true artificial intelligence, housed in the body of a beautiful robot girl.",246.559,/aeJS3OXnp7d17QSoMdglZERwCkM.jpg,2015-01-21,Ex Machina,False,7.573,12899
False,/cZmOrIOkJ2SNfVdiO85dUbOAYnL.jpg,"[16, 18]",1012201,ja,劇場版ハイキュー!! ゴミ捨て場の決戦,"Shoyo Hinata joins Karasuno High's volleyball club to be like his idol, a former Karasuno player known as the 'Little Giant'. But Hinata soon learns that he must team up with his middle school nemesis, Tobio Kageyama. Their clashing styles form a surprising weapon, but can their newfound teamwork defeat their rival Nekoma High in the highly anticipated 'Dumpster Battle', the long awaited ultimate showdown between two opposing underdog teams?",246.357,/ntRU0OA4etGGiMMmH1Yw0bnaMdW.jpg,2024-02-16,HAIKYU!! The Dumpster Battle,False,7.8,21
False,/ilK1JRbMjo4sMJtNKLOKnqRf1RH.jpg,"[10752, 28, 36]",976906,en,Spitfire Over Berlin,"August 1944. With the American Eighth Air Force poised to strike over Nazi Germany, British Intelligence learns that they could be flying into a deadly trap. With only hours to spare, Flight Lieutenant Edward Barnes must fly a life and death mission over Berlin in his unarmed Spitfire to obtain photographic evidence and save the lives of 1200 men.",245.878,/xtPPOPTad1qopK6uDe3VlYUa22o.jpg,2022-05-13,Spitfire Over Berlin,False,5.014,36
False,/5GynP6w2OQWSbKnCLHrBIriF4Cw.jpg,"[18, 35, 80]",540901,en,Hustlers,A crew of savvy former strip club employees band together to turn the tables on their Wall Street clients.,244.613,/zBhv8rsLOfpFW2M5b6wW78Uoojs.jpg,2019-09-12,Hustlers,False,6.478,2855
False,/uzvT6tYrU5SxfHe1ieimIGAqyFm.jpg,"[18, 53, 80]",473033,en,Uncut Gems,"A charismatic New York City jeweler always on the lookout for the next big score makes a series of high-stakes bets that could lead to the windfall of a lifetime. Howard must perform a precarious high-wire act, balancing business, family, and encroaching adversaries on all sides in his relentless pursuit of the ultimate win.",244.502,/6XN1vxHc7kUSqNWtaQKN45J5x2v.jpg,2019-08-30,Uncut Gems,False,7.151,4552
False,/4OwkbRacTGBkHRehVbmtsLoV84u.jpg,"[27, 14, 28, 9648]",1034751,es,Vampiras: The Brides,"After more than 300 years in hiding, Dracula's brides, Luna, Adriana and his new apprentice Katya, must team up once again to stop the most diabolical threat from their past, his sister Mina.",244.283,/vGl6JzSvwfTllfw4UZ9MD8nD42Y.jpg,2024-02-07,Vampiras: The Brides,False,6.4,18
